"λ,n (nm)",n,"λ,k (nm)",k,α (cm⁻¹),Reference,Details
250,1.40814,250,1.42591,716740.5409088355," Salman Manzoor,  Jakob Häusele,  Kevin A. Bush,  Axel F. Palmstrom,  Joe Carpenter,  Zhengshan J. Yu,  Stacey F. Bent,  Michael D. Mcgehee and  Zachary C. Holman, 'Optical modeling of wide-bandgap perovskite and perovskite/silicon tandem solar cells using complex refractive indices for arbitrary-bandgap perovskite absorbers', <i>Optics Express</i> <b>26</b>(21), pp.27441, (2018)",Film deposited on glass
255,1.44635,255,1.48972,734132.2992793391,,
260,1.61319,260,1.60455,775514.229587308,,
265,1.8189,265,1.6002,758819.1040414169,,
270,2.00398,270,1.55507,723762.4426396859,,
275,2.17205,275,1.45122,663147.940471648,,
280,2.28827,280,1.3188,591876.055936317,,
285,2.36836,285,1.17196,516746.79667383776,,
290,2.39013,290,1.01825,441231.2716576286,,
295,2.37142,295,0.90351,384875.9835179545,,
300,2.34952,300,0.81022,339384.159972203,,
305,2.3083,305,0.72683,299462.79192244844,,
310,2.25114,310,0.6703,271717.3620259662,,
315,2.19028,315,0.63787,254467.01027877096,,
320,2.12291,320,0.6312,247871.66036823468,,
325,2.06045,325,0.66438,256887.5479620907,,
330,2.02928,330,0.73604,280283.37657554325,,
335,2.05573,335,0.82437,309233.99830923195,,
340,2.13744,340,0.88188,325942.08580561966,,
345,2.23181,345,0.891,324540.1802143195,,
350,2.31928,350,0.87397,313789.4550237568,,
355,2.40972,355,0.83664,296155.72706471715,,
360,2.49653,360,0.76218,266051.0098570076,,
365,2.54818,365,0.6517,224369.96518843484,,
370,2.55113,370,0.53793,182698.0471508711,,
370.3858,2.54962,370.3858,0.52987,179773.16618052026,,
371.96622,2.54156,371.96622,0.4985,168411.41518867083,,
373.54666,2.53113,373.54666,0.46976,158030.54589756913,,
375,2.51988,375,0.44556,149308.58909156997,,
375.12717,2.51883,375.12717,0.44354,148581.29370615483,,
376.70773,2.50502,376.70773,0.4198,140038.60191315907,,
378.28839,2.49003,378.28839,0.39851,132381.12735969175,,
379.86908,2.47413,379.86908,0.37966,125594.54082042171,,
380,2.47278,380,0.37821,125071.7639488627,,
381.4498,2.45763,381.4498,0.36327,119674.60601836094,,
383.03058,2.4409,383.03058,0.34932,114604.02412277232,,
384.61145,2.42434,384.61145,0.33766,110323.30685018655,,
385,2.42034,385,0.33512,109382.91221517,,
386.19235,2.40825,386.19235,0.32802,106734.9182064869,,
387.77332,2.39278,387.77332,0.32013,103742.88320750902,,
389.35431,2.37806,389.35431,0.31375,101262.49225943306,,
390,2.37229,390,0.31152,100376.30189192743,,
390.93536,2.36417,390.93536,0.30863,99207.16720814591,,
392.51648,2.35112,392.51648,0.30455,97501.33728405711,,
394.09763,2.3389,394.09763,0.30128,96067.46781740685,,
395,2.33227,395,0.29971,95348.53004631867,,
395.67886,2.32741,395.67886,0.29865,94848.29651951502,,
397.2601,2.31652,397.2601,0.29657,93812.80760641454,,
398.84143,2.30617,398.84143,0.29502,92952.49640059318,,
400,2.29892,400,0.29422,92431.93905391889,,
400.42279,2.29634,400.42279,0.294,92265.30189806622,,
402.00418,2.287,402.00418,0.29346,91733.55163843925,,
403.58563,2.27814,403.58563,0.29338,91349.18433148113,,
405,2.27064,405,0.29369,91126.35520323817,,
405.16711,2.26978,405.16711,0.29375,91107.37956908712,,
406.74866,2.26189,406.74866,0.29452,90991.01822095897,,
408.33023,2.25449,408.33023,0.29569,90998.65388266415,,
409.91186,2.24757,409.91186,0.29721,91113.51426361974,,
410,2.2472,410,0.29731,91124.57676475917,,
411.4935,2.24114,411.4935,0.29907,91331.3201699759,,
413.07526,2.23521,413.07526,0.30124,91641.73821181053,,
414.65698,2.22977,414.65698,0.30368,92031.62161091788,,
415,2.22866,415,0.30425,92128.15082936815,,
416.23877,2.22483,416.23877,0.30639,92500.04012200754,,
417.82062,2.2204,417.82062,0.30933,93034.07338153207,,
419.4025,2.21648,419.4025,0.31247,93623.99665878985,,
420,2.21514,420,0.3137,93858.82051724935,,
420.98438,2.21308,420.98438,0.31579,94263.21651906619,,
422.56635,2.21022,422.56635,0.31927,94945.2114690735,,
424.14835,2.20791,424.14835,0.32285,95651.73960586808,,
425,2.2069,425,0.32482,96042.55301073287,,
425.73038,2.20616,425.73038,0.32651,96376.62384569345,,
427.31241,2.20496,427.31241,0.33018,97099.08142965262,,
428.89453,2.2043,428.89453,0.33383,97810.32885151329,,
430,2.20416,430,0.33634,98292.39749845499,,
430.47665,2.20418,430.47665,0.33741,98495.91398258021,,
432.05878,2.20457,432.05878,0.34089,99147.39098066468,,
433.64102,2.20545,433.64102,0.34423,99753.51862655563,,
435,2.2066,435,0.34696,100230.52754846112,,
435.22324,2.20682,435.22324,0.34739,100303.27166633456,,
436.80551,2.20865,436.80551,0.35035,100791.4928715239,,
438.38779,2.21091,438.38779,0.35307,101207.39158387129,,
439.97012,2.2136,439.97012,0.35552,101543.17026840308,,
440,2.21365,440,0.35556,101547.6985373079,,
441.55249,2.21667,441.55249,0.35765,101785.46270287273,,
443.13486,2.22009,443.13486,0.35945,101932.44371095978,,
444.71729,2.22384,444.71729,0.36089,101976.63983372632,,
445,2.22453,445,0.3611,101971.1557043842,,
446.29971,2.22786,446.29971,0.36193,101907.89764248367,,
447.88217,2.23213,447.88217,0.36256,101724.59711763168,,
449.46469,2.23659,449.46469,0.36276,101422.35208876882,,
450,2.23813,450,0.36273,101293.32473214451,,
451.04721,2.2412,451.04721,0.36251,100996.85599233268,,
452.62979,2.24589,452.62979,0.36179,100443.8356690797,,
454.21234,2.2506,454.21234,0.36061,99767.41070583994,,
455,2.25293,455,0.35986,99387.56328095148,,
455.79492,2.25526,455.79492,0.359,98977.12441715988,,
457.37759,2.25981,457.37759,0.357,98085.13594481586,,
458.9602,2.26425,458.9602,0.35466,97106.21971335694,,
460,2.26709,460,0.35296,96422.30808791769,,
460.54288,2.26855,460.54288,0.35201,96049.43018466754,,
462.12558,2.27269,462.12558,0.34909,94926.45522385158,,
463.70831,2.27665,463.70831,0.34591,93740.68062772007,,
465,2.27976,465,0.34316,92737.11268867728,,
465.29102,2.28045,465.29102,0.34252,92506.26119606399,,
466.87378,2.28406,466.87378,0.33894,91229.06101154146,,
468.45654,2.28749,468.45654,0.3352,89917.57122086917,,
470,2.29066,470,0.33142,88611.62870235994,,
470.03937,2.29074,470.03937,0.33132,88577.47196685847,,
471.62213,2.2938,471.62213,0.32732,87214.40678561975,,
473.20499,2.2967,473.20499,0.32323,85836.54144643141,,
474.78778,2.29942,474.78778,0.31907,84449.34854733586,,
475,2.29977,475,0.3185,84260.82190891361,,
476.37067,2.30198,476.37067,0.31485,83055.52875308183,,
477.95352,2.30438,477.95352,0.31059,81660.43110455207,,
479.53644,2.30664,479.53644,0.30632,80271.91106875008,,
480,2.30728,480,0.30506,79864.52124200853,,
481.11932,2.30877,481.11932,0.30204,78889.92236605764,,
482.70224,2.31079,482.70224,0.29777,77519.59422930647,,
484.28516,2.31272,484.28516,0.29353,76166.00860602145,,
485,2.31356,485,0.29163,75561.45695392918,,
485.8681,2.31457,485.8681,0.28933,74831.58515351263,,
487.45102,2.31638,487.45102,0.28519,73521.29934016944,,
489.034,2.3182,489.034,0.2811,72232.3351688505,,
490,2.31933,490,0.27863,71456.48661793667,,
490.617,2.32007,490.617,0.27706,70964.49251482016,,
492.19995,2.32205,492.19995,0.27301,69702.25903977027,,
493.78296,2.32414,493.78296,0.26889,68430.29566056792,,
495,2.32582,495,0.26566,67442.06095779108,,
495.36591,2.32634,495.36591,0.26467,67141.10202905248,,
496.94891,2.32866,496.94891,0.26029,65819.65552981189,,
498.53192,2.33107,498.53192,0.25571,64456.1862718396,,
500,2.33336,500,0.25124,63143.49906303198,,
500.11493,2.33354,500.11493,0.25088,63038.53115783664,,
501.698,2.33605,501.698,0.24577,61559.68143965202,,
503.28101,2.33857,503.28101,0.24035,60012.73875128385,,
504.86408,2.34103,504.86408,0.23458,58388.372940225316,,
505,2.34124,505,0.23406,58243.261504889255,,
506.44708,2.3434,506.44708,0.22842,56677.40005000961,,
508.03012,2.34561,508.03012,0.22185,54875.669985779234,,
509.61313,2.34755,509.61313,0.21484,52976.638627598244,,
510,2.34796,510,0.21307,52500.32523140214,,
511.1962,2.34909,511.1962,0.20744,50993.491740405494,,
512.77918,2.35016,512.77918,0.19972,48944.17786423805,,
514.36224,2.35071,514.36224,0.19178,46853.72231876512,,
515,2.35078,515,0.18854,46005.11680837435,,
515.94531,2.35072,515.94531,0.1837,44741.995655659324,,
517.52832,2.35017,517.52832,0.17554,42623.76786732384,,
519.11139,2.34907,519.11139,0.16739,40520.875050296665,,
520,2.34821,520,0.16284,39352.07290081246,,
520.6944,2.34742,520.6944,0.15931,38447.66724154437,,
522.27747,2.34523,522.27747,0.15137,36420.707940848915,,
523.86047,2.34253,523.86047,0.14363,34453.97991836277,,
525,2.34028,525,0.13822,33084.26183460429,,
525.44348,2.33934,525.44348,0.13616,32563.67407682259,,
527.02649,2.33569,527.02649,0.129,30758.640030643117,,
528.6095,2.33164,528.6095,0.12222,29054.752449340733,,
530,2.32779,530,0.11662,27650.757378237104,,
530.1925,2.32724,530.1925,0.11588,27465.3267783294,,
531.77551,2.32257,531.77551,0.11002,25998.792140536825,,
533.35852,2.31775,533.35852,0.10465,24656.410940856207,,
534.94147,2.31284,534.94147,0.09974,23430.036281841898,,
535,2.31266,535,0.09956,23385.193614310265,,
536.52448,2.30789,536.52448,0.09524,22306.92506913324,,
538.10742,2.30295,538.10742,0.09114,21283.83618632679,,
539.69037,2.29804,539.69037,0.0874,20350.572341970674,,
540,2.29708,540,0.08671,20178.333258723775,,
541.27332,2.29318,541.27332,0.08399,19499.38097632499,,
542.85626,2.2884,542.85626,0.08089,18724.914749910287,,
544.43915,2.28372,544.43915,0.07808,18021.88945393005,,
545,2.28208,545,0.07714,17786.602370489298,,
546.0221,2.27914,546.0221,0.07551,17378.172881468738,,
547.60492,2.27468,547.60492,0.07317,16790.961955795807,,
549.18781,2.27034,549.18781,0.07104,16255.185424528554,,
550,2.26816,550,0.07002,15998.132189407806,,
550.77063,2.26612,550.77063,0.06909,15763.55924690602,,
552.35352,2.26203,552.35352,0.0673,15311.14968446969,,
553.93634,2.25807,553.93634,0.06565,14893.087368716046,,
555,2.25547,555,0.0646,14626.802552929776,,
555.51917,2.25422,555.51917,0.06411,14502.290174550892,,
557.10193,2.25047,557.10193,0.06267,14136.272089416194,,
558.68469,2.2468,558.68469,0.06134,13797.069926594759,,
560,2.24382,560,0.0603,13531.288357961752,,
560.26746,2.24322,560.26746,0.0601,13479.970332794024,,
561.85022,2.23971,561.85022,0.05896,13187.02360608877,,
563.43298,2.23629,563.43298,0.05792,12918.02595552151,,
565,2.23297,565,0.05698,12673.12916117143,,
565.01563,2.23294,565.01563,0.05697,12670.55451014766,,
566.59827,2.22966,566.59827,0.05611,12444.4265453139,,
568.18097,2.22646,568.18097,0.05534,12239.46218752516,,
569.76355,2.22334,569.76355,0.05467,12057.69448549343,,
570,2.22288,570,0.05457,12030.64639343123,,
571.34619,2.2203,571.34619,0.05407,11892.328521844183,,
572.92877,2.21734,572.92877,0.05357,11749.810954880497,,
574.51135,2.21446,574.51135,0.05315,11625.577077862607,,
575,2.21359,575,0.05303,11589.471890077686,,
576.09387,2.21166,576.09387,0.0528,11517.296103813156,,
577.67639,2.20896,577.67639,0.05254,11429.1863664089,,
579.25885,2.20635,579.25885,0.05236,11358.914332821092,,
580,2.20516,580,0.0523,11331.39970915491,,
580.84131,2.20383,580.84131,0.05226,11306.333020742108,,
582.42371,2.20143,582.42371,0.05222,11266.98419406442,,
584.0061,2.19914,584.0061,0.05226,11245.062822227548,,
585,2.19776,585,0.0523,11234.550138991193,,
585.5885,2.19697,585.5885,0.05234,11231.843486604657,,
587.17078,2.19493,587.17078,0.05246,11227.258318768556,,
588.75311,2.19302,588.75311,0.05262,11231.234459680045,,
590,2.1916,590,0.05275,11235.187286566887,,
590.33539,2.19123,590.33539,0.05279,11237.318920216196,,
591.9176,2.18957,591.9176,0.05297,11245.495174372336,,
593.49988,2.18803,593.49988,0.05315,11253.626507105446,,
595,2.18668,595,0.05331,11259.045671453574,,
595.08203,2.18661,595.08203,0.05332,11259.605354872354,,
596.66418,2.1853,596.66418,0.05346,11259.234181673877,,
598.24628,2.1841,598.24628,0.05358,11254.66484333784,,
599.82831,2.18301,599.82831,0.05365,11239.645949027808,,
600,2.1829,600,0.05366,11238.524119441887,,
601.4104,2.18202,601.4104,0.05368,11216.347016593001,,
602.99237,2.18113,602.99237,0.05364,11178.584560766929,,
604.57434,2.18031,604.57434,0.05355,11130.626986235202,,
605,2.18011,605,0.05351,11114.487464038997,,
606.15625,2.17957,606.15625,0.05338,11066.335839884398,,
607.73816,2.1789,607.73816,0.05313,10985.837564336965,,
609.32001,2.17828,609.32001,0.05279,10887.197102422759,,
610,2.17803,610,0.05262,10840.039700452126,,
610.90179,2.1777,610.90179,0.05236,10770.55553181218,,
612.48352,2.17714,612.48352,0.05183,10634.000224891537,,
614.06531,2.17658,614.06531,0.05123,10483.822422302612,,
615,2.17625,615,0.05083,10386.156395575234,,
615.64697,2.17602,615.64697,0.05055,10318.089189261438,,
617.22864,2.17544,617.22864,0.04979,10136.91770506539,,
618.81018,2.17484,618.81018,0.04898,9946.520800470871,,
620,2.17437,620,0.04833,9795.68857728998,,
620.39179,2.17422,620.39179,0.04811,9744.940213615977,,
621.97327,2.17357,621.97327,0.04719,9534.284797988335,,
623.55475,2.17288,623.55475,0.04623,9316.636806981658,,
625,2.17223,625,0.04532,9112.126659884123,,
625.13617,2.17216,625.13617,0.04523,9092.050183041967,,
626.71753,2.17141,626.71753,0.04421,8864.587605532895,,
628.29889,2.17061,628.29889,0.04316,8632.269837620464,,
629.88013,2.16978,629.88013,0.04209,8397.130088202299,,
630,2.16972,630,0.04201,8379.57507157506,,
631.46137,2.16891,631.46137,0.041,8159.187872232409,,
633.0426,2.168,633.0426,0.03991,7922.434465217264,,
634.62366,2.16704,634.62366,0.03882,7686.862907844045,,
635,2.16681,635,0.03856,7630.8543447195225,,
636.20477,2.16606,636.20477,0.03773,7452.461623004988,,
637.78577,2.16503,637.78577,0.03665,7221.194085535394,,
639.36682,2.16397,639.36682,0.03557,6991.069739164065,,
640,2.16353,640,0.03515,6901.686360855077,,
640.94769,2.16287,640.94769,0.03452,6767.964381113203,,
642.52863,2.16175,642.52863,0.03348,6547.911929912681,,
644.10944,2.1606,644.10944,0.03247,6334.7938798761015,,
645,2.15995,645,0.03191,6216.943973708547,,
645.69019,2.15944,645.69019,0.03148,6126.612314491363,,
647.27087,2.15826,647.27087,0.03052,5925.2725393040155,,
648.85156,2.15707,648.85156,0.02958,5728.78707069371,,
650,2.15619,650,0.0289,5587.20170392277,,
650.43219,2.15586,650.43219,0.02865,5535.189119428272,,
652.0127,2.15464,652.0127,0.02775,5348.312763669589,,
653.5932,2.15342,653.5932,0.02688,5168.108268476088,,
655,2.15232,655,0.02612,5011.200006825368,,
655.17364,2.15218,655.17364,0.02602,4990.6916796229125,,
656.75403,2.15094,656.75403,0.02519,4819.869560232582,,
658.33435,2.1497,658.33435,0.02438,4653.685708152349,,
659.91455,2.14845,659.91455,0.02359,4492.107088603107,,
660,2.14838,660,0.02355,4483.90951466907,,
661.49475,2.14719,661.49475,0.02282,4335.099823841026,,
663.07489,2.14594,663.07489,0.02208,4184.526775927988,,
664.65491,2.14467,664.65491,0.02135,4036.561057174291,,
665,2.1444,665,0.0212,4006.1211582618716,,
666.23499,2.14341,666.23499,0.02065,3894.955339804608,,
667.81488,2.14215,667.81488,0.01997,3757.7842106296393,,
669.39477,2.14089,669.39477,0.0193,3623.137851183571,,
670,2.14041,670,0.01906,3574.851103129639,,
670.97461,2.13963,670.97461,0.01867,3496.6172471129084,,
672.55432,2.13837,672.55432,0.01804,3370.6916919816904,,
674.13403,2.13712,674.13403,0.01744,3250.948531917666,,
675,2.13643,675,0.01713,3189.0656092440386,,
675.71368,2.13586,675.71368,0.01687,3137.3446851666417,,
677.29321,2.13461,677.29321,0.01631,3026.1266714928106,,
678.87268,2.13336,678.87268,0.01577,2919.1285851780654,,
680,2.13247,680,0.0154,2845.9133450166364,,
680.45209,2.13212,680.45209,0.01525,2816.3210119462988,,
682.03143,2.13088,682.03143,0.01475,2717.6748520489414,,
683.61072,2.12965,683.61072,0.01427,2623.1611562045923,,
685,2.12857,685,0.01387,2544.460736075354,,
685.18994,2.12843,685.18994,0.01381,2532.7514029803206,,
686.7691,2.12721,686.7691,0.01337,2446.417218159381,,
688.34815,2.126,688.34815,0.01295,2364.1307012440043,,
689.92712,2.12479,689.92712,0.01254,2284.0425160278382,,
690,2.12474,690,0.01252,2280.1588419098093,,
691.50604,2.1236,691.50604,0.01215,2207.9547268229785,,
693.0849,2.12241,693.0849,0.01178,2135.8400080156284,,
694.6637,2.12123,694.6637,0.01142,2065.862264229177,,
695,2.12098,695,0.01135,2052.2058485320376,,
696.24237,2.12006,696.24237,0.01108,1999.8120253310585,,
697.82098,2.1189,697.82098,0.01076,1937.662404625678,,
699.39954,2.11775,699.39954,0.01046,1879.3869470688667,,
700,2.11731,700,0.01034,1856.2324593210553,,
700.97797,2.11661,700.97797,0.01016,1821.3742928595773,,
702.5564,2.11548,702.5564,0.00989,1768.9883029463856,,
704.13471,2.11436,704.13471,0.00963,1718.6221229781274,,
705,2.11375,705,0.00949,1691.55825716693,,
705.71295,2.11324,705.71295,0.00938,1670.2620571535358,,
707.29114,2.11214,707.29114,0.00915,1625.6713058979706,,
708.8692,2.11106,708.8692,0.00893,1583.0521284635786,,
710,2.11028,710,0.00878,1553.9821689306134,,
710.44714,2.10998,710.44714,0.00873,1544.1601392519588,,
712.02508,2.10891,712.02508,0.00854,1507.2054069588019,,
713.6029,2.10786,713.6029,0.00836,1472.175327987634,,
715,2.10694,715,0.00821,1442.9357027117314,,
715.18066,2.10682,715.18066,0.00819,1439.057025557733,,
716.75836,2.10579,716.75836,0.00804,1409.591089240281,,
718.33594,2.10477,718.33594,0.00791,1383.7535618721938,,
719.91345,2.10377,719.91345,0.00778,1358.0294045029211,,
720,2.10371,720,0.00777,1356.120828799594,,
721.49085,2.10278,721.49085,0.00766,1334.1596626761277,,
723.06818,2.10181,723.06818,0.00756,1313.8700398149917,,
724.64539,2.10085,724.64539,0.00746,1293.6689596979209,,
725,2.10063,725,0.00744,1289.5696189080309,,
726.22253,2.0999,726.22253,0.00737,1275.2861223931884,,
727.79962,2.09897,727.79962,0.0073,1260.4362926820704,,
729.37659,2.09806,729.37659,0.00723,1245.6508858039554,,
730,2.0977,730,0.0072,1239.4228551148772,,
730.95349,2.09715,730.95349,0.00717,1232.648568446609,,
732.53033,2.09627,732.53033,0.00711,1219.7023305245766,,
734.10706,2.0954,734.10706,0.00706,1208.5236796030235,,
735,2.09491,735,0.00703,1201.926332230544,,
735.68366,2.09454,735.68366,0.00702,1199.101278296726,,
737.26013,2.09369,737.26013,0.00698,1189.7193855881917,,
738.83655,2.09287,738.83655,0.00694,1180.3776094137827,,
740,2.09226,740,0.00692,1175.1254682616957,,
740.41296,2.09205,740.41296,0.00691,1172.7728394330359,,
741.9892,2.09125,741.9892,0.00689,1166.8942557780451,,
743.56531,2.09046,743.56531,0.00686,1159.35078271072,,
745,2.08976,745,0.00685,1155.431392058528,,
745.14142,2.08969,745.14142,0.00684,1153.525662312756,,
746.71741,2.08893,746.71741,0.00683,1149.4081984250663,,
748.29327,2.08818,748.29327,0.00681,1143.6289395437966,,
749.86902,2.08744,749.86902,0.00679,1137.8741379594371,,
750,2.08738,750,0.00679,1137.6754196199838,,
751.4447,2.08672,751.4447,0.00678,1133.8158718180484,,
753.02026,2.08601,753.02026,0.00676,1128.1059735772317,,
754.59576,2.08531,754.59576,0.00675,1124.0853201577015,,
755,2.08513,755,0.00674,1121.819045573256,,
756.17114,2.08462,756.17114,0.00673,1118.4197565995078,,
757.7464,2.08394,757.7464,0.00672,1114.4363144251645,,
759.32159,2.08328,759.32159,0.0067,1108.8145553217637,,
760,2.08299,760,0.00669,1106.1713080271431,,
760.89667,2.08262,760.89667,0.00668,1103.2162317640223,,
762.47162,2.08197,762.47162,0.00666,1097.641224884306,,
764.04651,2.08133,764.04651,0.00664,1092.0892875925172,,
765,2.08095,765,0.00662,1087.4427904190552,,
765.62128,2.0807,765.62128,0.00661,1084.919031520573,,
767.19592,2.08007,767.19592,0.00659,1079.4163549335215,,
768.77051,2.07945,768.77051,0.00656,1072.3016837651091,,
770,2.07898,770,0.00654,1067.3255041286882,,
770.34497,2.07884,770.34497,0.00653,1065.2162772188335,,
771.91931,2.07824,771.91931,0.0065,1058.159938936294,,
773.49359,2.07764,773.49359,0.00647,1051.1324066034451,,
775,2.07707,775,0.00644,1044.2248613738461,,
775.06775,2.07704,775.06775,0.00644,1044.133583889577,,
776.64172,2.07646,776.64172,0.0064,1035.5453468543863,,
778.2157,2.07587,778.2157,0.00637,1028.6066037149847,,
779.78949,2.07529,779.78949,0.00634,1021.6961207701987,,
780,2.07522,780,0.00633,1019.8093075499174,,
781.36316,2.07472,781.36316,0.0063,1013.2053688129191,,
782.93683,2.07415,782.93683,0.00627,1006.3537789125595,,
784.51031,2.07359,784.51031,0.00623,997.9281078850021,,
785,2.07341,785,0.00622,995.704779889351,,
786.08362,2.07303,786.08362,0.0062,991.1349864919825,,
787.65692,2.07247,787.65692,0.00616,982.7736038230008,,
789.2301,2.07192,789.2301,0.00613,976.0379370480388,,
790,2.07166,790,0.00611,971.9053728320828,,
790.8031,2.07138,790.8031,0.00609,967.7402256193402,,
792.37604,2.07084,792.37604,0.00606,961.0614415223433,,
793.94885,2.0703,793.94885,0.00602,952.8265088921311,,
795,2.06994,795,0.006,948.405329385598,,
795.52154,2.06976,795.52154,0.00599,946.2039202610584,,
797.09412,2.06923,797.09412,0.00596,939.6075944153329,,
798.66656,2.06871,798.66656,0.00593,933.0374085419314,,
800,2.06826,800,0.0059,926.7698328089891,,
800.23889,2.06819,800.23889,0.0059,926.4931703671529,,
801.81116,2.06767,801.81116,0.00587,919.9746671808404,,
803.38324,2.06715,803.38324,0.00584,913.4818942433697,,
804.9552,2.06664,804.9552,0.00581,907.0146173281047,,
805,2.06663,805,0.00581,906.9641399928795,,
806.5271,2.06614,806.5271,0.00578,900.5726174730647,,
808.09882,2.06563,808.09882,0.00575,894.1558785170017,,
809.67047,2.06513,809.67047,0.00573,889.316163652085,,
810,2.06503,810,0.00573,888.9543656824453,,
811.242,2.06464,811.242,0.00571,884.495331947691,,
812.81335,2.06415,812.81335,0.00569,879.6933366769097,,
814.38464,2.06366,814.38464,0.00567,874.9099367028399,,
815,2.06347,815,0.00566,872.7074561628579,,
815.95575,2.06318,815.95575,0.00565,870.1451515125584,,
817.52673,2.0627,817.52673,0.00563,865.3988177101211,,
819.09766,2.06223,819.09766,0.00562,862.2049152563635,,
820,2.06196,820,0.00561,859.7236481287191,,
820.66846,2.06176,820.66846,0.0056,857.4921404974108,,
822.23907,2.06129,822.23907,0.00559,854.3258803582246,,
823.80957,2.06083,823.80957,0.00558,851.17180695199,,
825,2.06049,825,0.00557,848.4204160240072,,
825.38,2.06038,825.38,0.00556,846.5073131871017,,
826.9502,2.05993,826.9502,0.00555,843.3803741711824,,
828.52032,2.05948,828.52032,0.00554,840.2653685494379,,
830,2.05906,830,0.00553,837.2533674386292,,
830.09033,2.05904,830.09033,0.00553,837.1622579606033,,
831.66016,2.0586,831.66016,0.00552,834.0710440098829,,
833.22986,2.05816,833.22986,0.00551,830.9916075873593,,
834.7995,2.05773,834.7995,0.00551,829.4291274146552,,
835,2.05768,835,0.00551,829.229965091246,,
836.36902,2.05731,836.36902,0.0055,826.3701395703949,,
837.93835,2.05688,837.93835,0.00549,823.3227978267357,,
839.50751,2.05647,839.50751,0.00549,821.7838893761874,,
840,2.05634,840,0.00549,821.3020794384745,,
841.07666,2.05605,841.07666,0.00548,818.7566513460054,,
842.64563,2.05564,842.64563,0.00548,817.2321615990375,,
844.21435,2.05524,844.21435,0.00547,814.2250514995947,,
845,2.05504,845,0.00547,813.4680149176886,,
845.78302,2.05484,845.78302,0.00547,812.7149119232104,,
847.35156,2.05444,847.35156,0.00546,809.7274707843942,,
848.91992,2.05404,848.91992,0.00545,806.7512404262759,,
850,2.05377,850,0.00545,805.7261158618529,,
850.48816,2.05365,850.48816,0.00545,805.2636482118398,,
852.05633,2.05327,852.05633,0.00545,803.7815979638048,,
853.62433,2.05288,853.62433,0.00544,800.8330332163085,,
855,2.05255,855,0.00543,798.0747653329861,,
855.1922,2.0525,855.1922,0.00543,797.8954021794202,,
856.75989,2.05213,856.75989,0.00543,796.4354217839295,,
858.32745,2.05176,858.32745,0.00542,793.51684173478,,
859.89484,2.05139,859.89484,0.00542,792.0704435187298,,
860,2.05136,860,0.00542,791.9735898817062,,
861.4621,2.05102,861.4621,0.00541,789.1707020388144,,
863.0293,2.05066,863.0293,0.0054,786.2815470753952,,
864.59631,2.0503,864.59631,0.0054,784.8564761690868,,
865,2.05021,865,0.00539,783.037429033479,,
866.16309,2.04994,866.16309,0.00539,781.9859607663026,,
867.7298,2.04959,867.7298,0.00538,779.1258742669937,,
869.29639,2.04924,869.29639,0.00537,776.2762042427066,,
870,2.04908,870,0.00537,775.648393093204,,
870.86279,2.04889,870.86279,0.00537,774.8799348644665,,
872.42902,2.04854,872.42902,0.00536,772.0484411782309,,
873.99512,2.0482,873.99512,0.00535,769.2272101796354,,
875,2.04799,875,0.00534,766.9076466363198,,
875.56116,2.04786,875.56116,0.00534,766.4161242679835,,
877.12695,2.04753,877.12695,0.00533,763.6152939381739,,
878.69269,2.04719,878.69269,0.00532,760.8244888026873,,
880,2.04691,880,0.00531,758.2662268437183,,
880.25812,2.04686,880.25812,0.0053,756.6163008652919,,
881.82355,2.04653,881.82355,0.00529,753.8480975015924,,
883.38879,2.0462,883.38879,0.00528,751.089866601278,,
884.9538,2.04587,884.9538,0.00527,748.3415872972447,,
885,2.04586,885,0.00527,748.3025213296368,,
886.51874,2.04555,886.51874,0.00526,745.6030701790833,,
888.0835,2.04523,888.0835,0.00525,742.8743550058713,,
889.64813,2.04491,889.64813,0.00523,738.7428365987627,,
890,2.04484,890,0.00523,738.4507675629043,,
891.21258,2.04459,891.21258,0.00522,736.0360039683784,,
892.77685,2.04427,892.77685,0.00521,733.3388057812127,,
894.341,2.04396,894.341,0.0052,730.6511408362995,,
895,2.04383,895,0.00519,728.7090892572526,,
895.90497,2.04365,895.90497,0.00518,726.5703613897857,,
897.46887,2.04334,897.46887,0.00517,723.9040622794741,,
899.03253,2.04303,899.03253,0.00516,721.2472319560377,,
900,2.04284,900,0.00515,719.0756518216639,,
900.59607,2.04272,900.59607,0.00515,718.599723224972,,
902.15936,2.04242,902.15936,0.00513,714.5686683521475,,
903.72266,2.04211,903.72266,0.00512,711.942063569801,,
905,2.04187,905,0.00511,709.5486612085678,,
905.28565,2.04181,905.28565,0.00511,709.3247732290396,,
906.84851,2.04151,906.84851,0.00509,705.330887372668,,
908.41125,2.04122,908.41125,0.00508,702.7341715654072,,
909.97382,2.04092,909.97382,0.00507,700.1465054763993,,
910,2.04092,910,0.00507,700.1263628000111,,
911.53625,2.04063,911.53625,0.00506,697.5678181603574,,
913.09845,2.04033,913.09845,0.00505,694.9981308424499,,
914.66052,2.04004,914.66052,0.00504,692.4373197650449,,
915,2.03998,915,0.00503,690.8070403303458,,
916.22247,2.03975,916.22247,0.00502,688.5137894957221,,
917.78418,2.03947,917.78418,0.00501,685.9730005145594,,
919.34582,2.03918,919.34582,0.005,683.4408957425386,,
920,2.03906,920,0.005,682.9549246934333,,
920.90723,2.0389,920.90723,0.00499,680.917548726947,,
922.46844,2.03861,922.46844,0.00498,678.4028910464262,,
924.02948,2.03833,924.02948,0.00497,675.8968550804796,,
925,2.03816,925,0.00496,673.8291702402324,,
925.59045,2.03805,925.59045,0.00496,673.3993230723318,,
927.15118,2.03777,927.15118,0.00495,670.9103745203444,,
928.71173,2.0375,928.71173,0.00494,668.4299210362543,,
930,2.03727,930,0.00493,666.1527648257068,,
930.27216,2.03722,930.27216,0.00493,665.9578754758255,,
931.83234,2.03695,931.83234,0.00492,663.4942872088677,,
933.39239,2.03668,933.39239,0.00491,661.0390268609705,,
934.95233,2.03641,934.95233,0.00491,659.9361030150441,,
935,2.0364,935,0.00491,659.9024568610005,,
936.51202,2.03614,936.51202,0.0049,657.4952023612035,,
938.07159,2.03587,938.07159,0.00489,655.0625022575981,,
939.63098,2.03561,939.63098,0.00488,652.6380026132467,,
940,2.03555,940,0.00488,652.3817935965187,,
941.19012,2.03535,941.19012,0.00488,651.5568671510573,,
942.74915,2.03509,942.74915,0.00487,649.1464340427057,,
944.30798,2.03483,944.30798,0.00487,648.0748462162649,,
945,2.03471,945,0.00487,647.600263406658,,
945.8667,2.03457,945.8667,0.00486,645.6783094889119,,
947.42517,2.03431,947.42517,0.00486,644.6161989319492,,
948.98352,2.03406,948.98352,0.00485,642.2334655468198,,
950,2.03389,950,0.00485,641.5462892593894,,
950.54163,2.0338,950.54163,0.00485,641.1807285036215,,
952.09949,2.03355,952.09949,0.00484,638.8117461705435,,
953.65735,2.0333,953.65735,0.00484,637.7682065104243,,
955,2.03309,955,0.00484,636.8715578376796,,
955.21497,2.03305,955.21497,0.00484,636.7282306463267,,
956.77234,2.03281,956.77234,0.00483,634.378394209795,,
958.32959,2.03256,958.32959,0.00483,633.3475528743176,,
959.8866,2.03232,959.8866,0.00483,632.3202143602672,,
960,2.0323,960,0.00483,632.2455215349459,,
961.44354,2.03207,961.44354,0.00483,631.2962492561427,,
963.00018,2.03183,963.00018,0.00482,628.9708726867653,,
964.55676,2.03159,964.55676,0.00482,627.9558536421558,,
965,2.03153,965,0.00482,627.6674234322405,,
966.11298,2.03136,966.11298,0.00482,626.9443389655236,,
967.66913,2.03112,967.66913,0.00482,625.936123034236,,
969.2251,2.03089,969.2251,0.00482,624.9312606659815,,
970,2.03077,970,0.00481,623.136522217192,,
970.78088,2.03065,970.78088,0.00481,622.6352815587759,,
972.33643,2.03042,972.33643,0.00481,621.6391856784346,,
973.89179,2.03019,973.89179,0.00481,620.6463929125804,,
975,2.03003,975,0.00481,619.9409503083858,,
975.44708,2.02997,975.44708,0.00481,619.6568106500213,,
977.00207,2.02974,977.00207,0.00481,618.6705689893535,,
978.55682,2.02951,978.55682,0.00481,617.6876132248265,,
980,2.02931,980,0.00481,616.7779862762002,,
980.11151,2.02929,980.11151,0.00481,616.7078137371086,,
981.66589,2.02907,981.66589,0.00481,615.7313121582296,,
983.22022,2.02885,983.22022,0.00481,614.7579293585685,,
984.77423,2.02863,984.77423,0.00481,613.7878187071125,,
985,2.0286,985,0.00481,613.647133553986,,
986.32813,2.02841,986.32813,0.00481,612.8208333170791,,
987.88171,2.02819,987.88171,0.00481,611.8570881838436,,
989.43524,2.02798,989.43524,0.00481,610.8964004058276,,
990,2.0279,990,0.00481,610.5479056067437,,
990.98859,2.02776,990.98859,0.00481,609.9388354720372,,
992.54163,2.02755,992.54163,0.00481,608.9844579624094,,
994.09454,2.02734,994.09454,0.00481,608.0331419491312,,
995,2.02722,995,0.00481,607.4798256790716,,
995.64728,2.02713,995.64728,0.00482,608.3470278873378,,
997.19971,2.02692,997.19971,0.00482,607.3999596451067,,
998.75207,2.02672,998.75207,0.00482,606.4558780960645,,
1000,2.02655,1000,0.00482,605.6990636121121,,
1005,2.0259,1005,0.00482,602.6856354349375,,
1010,2.02525,1010,0.00483,600.9462382906416,,
1013.13947,2.02486,1013.13947,0.00483,599.084053722187,,
1015,2.02463,1015,0.00483,597.9859119936434,,
1016.52118,2.02444,1016.52118,0.00483,597.0910519282521,,
1019.90344,2.02402,1019.90344,0.00484,596.3430594321595,,
1020,2.02401,1020,0.00484,596.2866056225332,,
1023.28613,2.02361,1023.28613,0.00484,594.3717205812063,,
1025,2.0234,1025,0.00484,593.377890473155,,
1026.66931,2.02321,1026.66931,0.00485,593.6370833919443,,
1030,2.02281,1030,0.00485,591.71745125866,,
1030.0531,2.02281,1030.0531,0.00485,591.686947785915,,
1033.43726,2.02241,1033.43726,0.00485,589.7493717194017,,
1035,2.02223,1035,0.00486,590.0730549351264,,
1036.82202,2.02202,1036.82202,0.00486,589.0361123482463,,
1040,2.02166,1040,0.00486,587.2361652479382,,
1040.20728,2.02164,1040.20728,0.00486,587.1191478854635,,
1043.59314,2.02126,1043.59314,0.00487,586.4184282768396,,
1045,2.0211,1045,0.00487,585.6289463342505,,
1046.97937,2.02088,1046.97937,0.00487,584.5217837666579,,
1050,2.02055,1050,0.00487,582.8402370659921,,
1050.36621,2.02051,1050.36621,0.00487,582.6370299167295,,
1053.75342,2.02014,1053.75342,0.00488,581.9567218872966,,
1055,2.02001,1055,0.00488,581.2690862376566,,
1057.14124,2.01978,1057.14124,0.00488,580.0917254734359,,
1060,2.01948,1060,0.00488,578.5272509252147,,
1060.52954,2.01942,1060.52954,0.00488,578.2383826675187,,
1063.91834,2.01907,1063.91834,0.00489,577.5777143217248,,
1065,2.01896,1065,0.00489,576.9911014480409,,
1067.30774,2.01872,1067.30774,0.00489,575.7435273936678,,
1070,2.01845,1070,0.00489,574.2948813478164,,
1070.69751,2.01838,1070.69751,0.00489,573.9207547444129,,
1074.08777,2.01804,1074.08777,0.0049,573.2791837892349,,
1075,2.01795,1075,0.0049,572.7927070731158,,
1077.47864,2.0177,1077.47864,0.0049,571.4750504043398,,
1080,2.01745,1080,0.0049,570.1408889848143,,
1080.87,2.01737,1080.87,0.0049,569.6819785021321,,
1084.26184,2.01704,1084.26184,0.0049,567.8998719567587,,
1085,2.01697,1085,0.0049,567.5135116162207,,
1087.65417,2.01671,1087.65417,0.00491,567.2839898779916,,
1090,2.01649,1090,0.00491,566.0631166651701,,
1091.04712,2.01639,1091.04712,0.00491,565.5198440604796,,
1094.44043,2.01607,1094.44043,0.00491,563.7664511032687,,
1095,2.01602,1095,0.00491,563.4783535753749,,
1097.83423,2.01576,1097.83423,0.00491,562.0236464707749,,
1100,2.01556,1100,0.00491,560.9170883318504,,
1101.22876,2.01545,1101.22876,0.00491,560.2912124861645,,
1104.62353,2.01514,1104.62353,0.00491,558.569304752213,,
1105,2.0151,1105,0.00491,558.3790019593081,,
1108.01892,2.01483,1108.01892,0.00491,556.857636659341,,
1110,2.01466,1110,0.00491,555.8637812297616,,
1111.41479,2.01453,1111.41479,0.00491,555.1561871558641,,
1114.81128,2.01423,1114.81128,0.00491,553.4647955526925,,
1115,2.01422,1115,0.00491,553.371118533664,,
1118.20813,2.01394,1118.20813,0.00491,551.7835013102931,,
1120,2.01378,1120,0.00491,550.9007117544959,,
1121.60559,2.01364,1121.60559,0.00491,550.112091689054,,
1125,2.01335,1125,0.00491,548.4522641466981,,
1125.00354,2.01335,1125.00354,0.00491,548.4505383556708,,
1128.40198,2.01307,1128.40198,0.00491,546.798754434156,,
1130,2.01293,1130,0.00491,546.0254842168455,,
1131.8009,2.01278,1131.8009,0.00491,545.1566588832324,,
1135,2.01252,1135,0.00491,543.6200856079607,,
1135.20032,2.0125,1135.20032,0.00491,543.5241571857867,,
1138.60022,2.01222,1138.60022,0.00491,541.901175080605,,
1140,2.01211,1140,0.00491,541.2357869868732,,
1142.00073,2.01194,1142.00073,0.00491,540.287568086787,,
1145,2.0117,1145,0.00491,538.8723119345287,,
1145.40161,2.01167,1145.40161,0.00491,538.6833681550661,,
1148.8031,2.0114,1148.8031,0.0049,535.9945147289378,,
1150,2.0113,1150,0.0049,535.4366609596517,,
1152.20508,2.01113,1152.20508,0.0049,534.4119469631217,,
1155,2.01091,1155,0.0049,533.1187533364498,,
1155.60754,2.01086,1155.60754,0.0049,532.8384756849193,,
1159.0105,2.0106,1159.0105,0.0049,531.2740135689879,,
1160,2.01052,1160,0.0049,530.8208276755167,,
1162.41406,2.01034,1162.41406,0.0049,529.7184379407794,,
1165,2.01014,1165,0.0049,528.5426266983686,,
1165.81799,2.01008,1165.81799,0.0049,528.1717775719,,
1169.22253,2.00982,1169.22253,0.0049,526.6338479669901,,
1170,2.00976,1170,0.0049,526.283897524444,,
1172.62756,2.00956,1172.62756,0.0049,525.1046292171399,,
1175,2.00939,1175,0.0049,524.0443915775314,,
1176.03296,2.00931,1176.03296,0.0049,523.5841009962846,,
1179.43909,2.00906,1179.43909,0.0049,522.0720301067853,,
1180,2.00902,1180,0.0049,521.8238644945758,,
1182.84558,2.00881,1182.84558,0.0049,520.5685091232276,,
1185,2.00866,1185,0.0049,519.6220760367928,,
1186.25269,2.00856,1186.25269,0.0049,519.0733519884363,,
1189.66016,2.00832,1189.66016,0.0049,517.5866022979196,,
1190,2.0083,1190,0.0049,517.4387900030248,,
1193.06812,2.00808,1193.06812,0.0049,516.1081331245357,,
1195,2.00794,1195,0.0049,515.2737741452715,,
1196.47681,2.00784,1196.47681,0.0049,514.6377722971492,,
1199.88574,2.0076,1199.88574,0.0049,513.1756629623746,,
1200,2.00759,1200,0.0049,513.1268000863329,,
1203.29529,2.00737,1203.29529,0.0049,511.7215742642851,,
1205,2.00725,1205,0.0049,510.99764323950166,,
1206.70532,2.00713,1206.70532,0.0049,510.2754996585243,,
1210,2.00691,1210,0.0049,508.8860827302475,,
1210.11597,2.0069,1210.11597,0.0049,508.8373142481538,,
1213.5271,2.00667,1213.5271,0.0049,507.407012256751,,
1215,2.00657,1215,0.0049,506.79190131983495,,
1216.9386,2.00644,1216.9386,0.0049,505.9845748204548,,
1220,2.00624,1220,0.0049,504.71488533081924,,
1220.35071,2.00621,1220.35071,0.0049,504.5698380456545,,
1223.76331,2.00599,1223.76331,0.00491,504.18965180859635,,
1225,2.00591,1225,0.00491,503.6806507469677,,
1227.17639,2.00577,1227.17639,0.00491,502.78737612042505,,
1230,2.00559,1230,0.00491,501.6331684268581,,
1230.58997,2.00555,1230.58997,0.00491,501.39267522636754,,
1234.00415,2.00533,1234.00415,0.00491,500.0054474411901,,
1235,2.00527,1235,0.00491,499.60226491095983,,
1237.4187,2.00511,1237.4187,0.00492,499.64125661465386,,
1240,2.00495,1240,0.00492,498.601156634251,,
1240.83374,2.0049,1240.83374,0.00492,498.2661369495572,,
1244.24939,2.00468,1244.24939,0.00492,496.8983221494457,,
1245,2.00464,1245,0.00492,496.5987423505794,,
1247.66553,2.00447,1247.66553,0.00492,495.5378018870741,,
1250,2.00433,1250,0.00493,495.6176570303258,,
1251.08228,2.00427,1251.08228,0.00493,495.1889105870057,,
1254.49927,2.00406,1254.49927,0.00493,493.8401209973659,,
1255,2.00403,1255,0.00493,493.6430846915596,,
1257.91699,2.00385,1257.91699,0.00494,493.49735577491737,,
1260,2.00373,1260,0.00494,492.68151456297073,,
1261.33521,2.00365,1261.33521,0.00494,492.15997732224025,,
1264.75378,2.00345,1264.75378,0.00495,491.8232744169217,,
1265,2.00343,1265,0.00495,491.7275457792721,,
1268.17297,2.00325,1268.17297,0.00495,490.4972429831706,,
1270,2.00314,1270,0.00495,489.7916105596686,,
1271.59253,2.00305,1271.59253,0.00496,490.166439144004,,
1275,2.00285,1275,0.00496,488.856456840953,,
1275.01282,2.00285,1275.01282,0.00496,488.85154148662997,,
1278.43335,2.00265,1278.43335,0.00497,488.52653877783365,,
1280,2.00257,1280,0.00497,487.92860901066473,,
1281.85461,2.00246,1281.85461,0.00497,487.2226652394305,,
1285,2.00228,1285,0.00498,487.00798178605976,,
1285.27625,2.00227,1285.27625,0.00498,486.9033070478715,,
1288.69849,2.00208,1288.69849,0.00498,485.6102970952398,,
1290,2.00201,1290,0.00499,486.09449120660673,,
1292.12122,2.00189,1292.12122,0.00499,485.296490724394,,
1295,2.00173,1295,0.005,485.18805460846227,,
1295.54443,2.0017,1295.54443,0.005,484.9841627723711,,
1298.96802,2.00152,1298.96802,0.005,483.7059273545154,,
1300,2.00146,1300,0.005,483.3219467061221,,
1302.39233,2.00133,1302.39233,0.00501,483.39901370533613,,
1305,2.00119,1305,0.00502,483.3960190351192,,
1305.81702,2.00115,1305.81702,0.00502,483.0935691440372,,
1309.24219,2.00097,1309.24219,0.00502,481.8297253626012,,
1310,2.00093,1310,0.00503,482.51026099409654,,
1312.66797,2.00079,1312.66797,0.00503,481.52956905184976,,
1315,2.00067,1315,0.00504,481.63123875566714,,
1316.09412,2.00061,1316.09412,0.00504,481.23084005853804,,
1319.52087,2.00044,1319.52087,0.00505,480.9334436863724,,
1320,2.00041,1320,0.00505,480.75887577661985,,
1322.94812,2.00026,1322.94812,0.00505,479.6875300182884,,
1325,2.00016,1325,0.00506,479.89309666911254,,
1326.37585,2.00009,1326.37585,0.00506,479.39530344025354,,
1329.80408,1.99992,1329.80408,0.00507,479.1044032200668,,
1330,1.99991,1330,0.00507,479.0338271789548,,
1333.23291,1.99975,1333.23291,0.00508,478.8147835395437,,
1335,1.99966,1335,0.00508,478.18099416437906,,
1336.66211,1.99958,1336.66211,0.00509,478.5265172743483,,
1340,1.99942,1340,0.0051,478.27231442710286,,
1340.09192,1.99941,1340.09192,0.0051,478.2395086243919,,
1343.52222,1.99925,1343.52222,0.00511,477.9537910387174,,
1345,1.99918,1345,0.00511,477.4286530808578,,
1346.95288,1.99908,1346.95288,0.00511,476.73645301812905,,
1350,1.99894,1350,0.00512,476.5912410779183,,
1350.38428,1.99892,1350.38428,0.00512,476.4556171041844,,
1353.81604,1.99876,1353.81604,0.00513,476.17607818904673,,
1355,1.99871,1355,0.00514,476.687416662776,,
1357.24829,1.9986,1357.24829,0.00514,475.8977810744278,,
1360,1.99848,1360,0.00515,475.85888723492457,,
1360.68103,1.99844,1360.68103,0.00515,475.62071666384406,,
1364.11438,1.99829,1364.11438,0.00516,475.34483413402126,,
1365,1.99825,1365,0.00516,475.0364276197314,,
1367.5481,1.99813,1367.5481,0.00517,475.07020832566644,,
1370,1.99802,1370,0.00518,475.1372246889089,,
1370.98254,1.99798,1370.98254,0.00518,474.79670880695915,,
1374.41724,1.99783,1374.41724,0.00519,474.5244863817636,,
1375,1.9978,1375,0.00519,474.32337082562987,,
1377.85266,1.99768,1377.85266,0.0052,474.25337332271573,,
1380,1.99759,1380,0.00521,474.42602102037165,,
1381.28833,1.99753,1381.28833,0.00521,473.9835230549677,,
1384.72473,1.99738,1384.72473,0.00522,473.71476211705186,,
1385,1.99737,1385,0.00522,473.6206108805406,,
1388.1615,1.99724,1388.1615,0.00523,473.4472056248389,,
1390,1.99716,1390,0.00523,472.82099505826244,,
1391.59888,1.99709,1391.59888,0.00524,473.1807632616236,,
1395,1.99695,1395,0.00525,472.9279263468506,,
1395.03674,1.99695,1395.03674,0.00525,472.91547121107124,,
1398.4751,1.99681,1398.4751,0.00526,472.65131450341335,,
1400,1.99675,1400,0.00526,472.13649593949464,,
1401.91382,1.99667,1401.91382,0.00526,471.49195969499215,,
1405,1.99654,1405,0.00527,471.3506984887747,,
1405.35327,1.99653,1405.35327,0.00527,471.23221293442356,,
1408.79309,1.99639,1408.79309,0.00528,470.9736107792553,,
1410,1.99635,1410,0.00528,470.57047406962016,,
1412.23352,1.99626,1412.23352,0.00529,470.7160650737141,,
1415,1.99615,1415,0.0053,470.68384633288775,,
1415.67432,1.99612,1415.67432,0.0053,470.45964820569475,,
1419.11572,1.99599,1419.11572,0.0053,469.3187688464449,,
1420,1.99595,1420,0.00531,469.9114645228677,,
1422.5575,1.99586,1422.5575,0.00531,469.0666490616177,,
1425,1.99576,1425,0.00532,469.14450293607587,,
1425.99988,1.99573,1425.99988,0.00532,468.8155490475273,,
1429.44275,1.9956,1429.44275,0.00533,468.56549781048875,,
1430,1.99557,1430,0.00533,468.3829047170237,,
1432.88611,1.99547,1432.88611,0.00533,467.4394908785486,,
1435,1.99539,1435,0.00534,467.626613802634,,
1436.33008,1.99534,1436.33008,0.00534,467.19357907395477,,
1439.77441,1.99521,1439.77441,0.00534,466.07592560752613,,
1440,1.9952,1440,0.00534,466.0029102824859,,
1443.21936,1.99509,1443.21936,0.00535,465.8341250828396,,
1445,1.99502,1445,0.00535,465.26008849011464,,
1446.66479,1.99496,1446.66479,0.00536,465.5933216772709,,
1450,1.99484,1450,0.00536,464.5223896066563,,
1450.1106,1.99484,1450.1106,0.00536,464.4869604633272,,
1453.55701,1.99472,1453.55701,0.00536,463.38565346649295,,
1455,1.99466,1455,0.00537,463.78976081861686,,
1457.00391,1.99459,1457.00391,0.00537,463.1518813090128,,
1460,1.99449,1460,0.00537,462.2014397199229,,
1460.45142,1.99447,1460.45142,0.00537,462.0585750062727,,
1463.89917,1.99436,1463.89917,0.00537,460.97034264394557,,
1465,1.99432,1465,0.00537,460.6239604034727,,
1467.34766,1.99424,1467.34766,0.00538,460.74339264119834,,
1470,1.99415,1470,0.00538,459.9120673826691,,
1470.79663,1.99412,1470.79663,0.00538,459.6629644524842,,
1474.24597,1.994,1474.24597,0.00538,458.58747645246984,,
1475,1.99398,1475,0.00538,458.3530434254397,,
1477.69604,1.99389,1477.69604,0.00538,457.51678339242454,,
1480,1.99381,1480,0.00538,456.80455341386727,,
1481.14636,1.99377,1481.14636,0.00538,456.45100127209815,,
1484.59741,1.99366,1484.59741,0.00538,455.38994915296496,,
1485,1.99364,1485,0.00538,455.26649094446026,,
1488.04871,1.99354,1488.04871,0.00538,454.33374224189447,,
1490,1.99348,1490,0.00538,453.73875104196213,,
1491.50073,1.99343,1491.50073,0.00538,453.28220459705943,,
1494.95313,1.99332,1494.95313,0.00538,452.2354082448882,,
1495,1.99331,1495,0.00538,452.22123013546724,,
1498.40601,1.99321,1498.40601,0.00538,451.19329109773366,,
1500,1.99315,1500,0.00538,450.7138260350157,,
1501.85962,1.99309,1501.85962,0.00538,450.1557469482558,,
1505,1.99299,1505,0.00537,448.38146311700166,,
1505.31348,1.99298,1505.31348,0.00537,448.28808813370057,,
1508.76794,1.99287,1508.76794,0.00537,447.2616922063492,,
1510,1.99283,1510,0.00537,446.89675628548844,,
1512.2229,1.99276,1512.2229,0.00537,446.23983804972636,,
1515,1.99268,1515,0.00536,444.5923860921793,,
1515.67847,1.99265,1515.67847,0.00536,444.3933711941238,,
1519.1344,1.99255,1519.1344,0.00536,443.38240575004534,,
1520,1.99252,1520,0.00536,443.12991113792873,,
1522.59082,1.99244,1522.59082,0.00535,441.5505591109604,,
1525,1.99236,1525,0.00535,440.85300188079714,,
1526.04785,1.99233,1526.04785,0.00535,440.550293274366,,
1529.50525,1.99222,1529.50525,0.00534,438.7328456746257,,
1530,1.99221,1530,0.00534,438.5909743835162,,
1532.96326,1.99211,1532.96326,0.00534,437.7431660082837,,
1535,1.99205,1535,0.00533,436.3436832217224,,
1536.42175,1.99201,1536.42175,0.00533,435.9399063085015,,
1539.88074,1.9919,1539.88074,0.00532,434.1446056945345,,
1540,1.99189,1540,0.00532,434.1109848596805,,
1543.34021,1.99179,1543.34021,0.00531,432.3572179995699,,
1545,1.99174,1545,0.00531,431.89273761972305,,
1546.80029,1.99168,1546.80029,0.00531,431.3900662783507,,
1550,1.99159,1550,0.0053,429.6888016522814,,
1550.26074,1.99158,1550.26074,0.0053,429.6165318364679,,
1553.7218,1.99147,1553.7218,0.00529,427.8507294546555,,
1555,1.99143,1555,0.00529,427.4990389064954,,
1557.18335,1.99136,1557.18335,0.00528,426.0926424869392,,
1560,1.99128,1560,0.00527,424.5177765235439,,
1560.64526,1.99126,1560.64526,0.00527,424.3422565975874,,
1564.10779,1.99115,1564.10779,0.00526,422.59945161151103,,
1565,1.99112,1565,0.00526,422.3585267190368,,
1567.5708,1.99105,1567.5708,0.00525,420.8642169488336,,
1570,1.99097,1570,0.00525,420.21303009799783,,
1571.03442,1.99094,1571.03442,0.00524,419.13646945585106,,
1574.49829,1.99083,1574.49829,0.00524,418.2143762076875,,
1575,1.99082,1575,0.00523,417.2832908768158,,
1577.96289,1.99073,1577.96289,0.00523,416.4997715066574,,
1580,1.99066,1580,0.00522,415.1674342212334,,
1581.42798,1.99062,1581.42798,0.00522,414.79255101427304,,
1584.89343,1.99052,1584.89343,0.00521,413.09270176488326,,
1585,1.99051,1585,0.00521,413.06492681899863,,
1588.3595,1.99041,1588.3595,0.0052,411.4001093245433,,
1590,1.99036,1590,0.00519,410.1853049592711,,
1591.82605,1.9903,1591.82605,0.00519,409.7147643018162,,
1595,1.99021,1595,0.00518,408.111597381696,,
1595.29309,1.9902,1595.29309,0.00518,408.036618414617,,
1598.76062,1.99009,1598.76062,0.00517,406.3656263702376,,
1600,1.99005,1600,0.00516,405.26545231308336,,
1602.22876,1.98999,1602.22876,0.00516,404.7017129444945,,
1605,1.9899,1605,0.00515,403.21999167569936,,
1605.69727,1.98988,1605.69727,0.00515,403.04489440870606,,
1609.16626,1.98978,1609.16626,0.00514,401.3950985885458,,
1610,1.98975,1610,0.00514,401.18723576277114,,
1612.63586,1.98967,1612.63586,0.00513,399.7522494114856,,
1615,1.9896,1615,0.00512,398.38896313014845,,
1616.10584,1.98956,1616.10584,0.00512,398.11636065567944,,
1619.57642,1.98946,1619.57642,0.00511,396.48733487596326,,
1620,1.98944,1620,0.00511,396.38366567515664,,
1623.04761,1.98935,1623.04761,0.0051,394.86512742058005,,
1625,1.98929,1625,0.00509,393.6173933974658,,
1626.51904,1.98925,1626.51904,0.00509,393.2497859175887,,
1629.99109,1.98914,1629.99109,0.00508,391.64117590940083,,
1630,1.98914,1630,0.00508,391.6390350978196,,
1633.46362,1.98903,1633.46362,0.00507,390.0392897320909,,
1635,1.98899,1635,0.00507,389.67277684893577,,
1636.93677,1.98893,1636.93677,0.00506,388.4440527819374,,
1640,1.98884,1640,0.00505,386.9522658689867,,
1640.4104,1.98882,1640.4104,0.00505,386.8554576495846,,
1643.8844,1.98872,1643.8844,0.00504,385.2734894033317,,
1645,1.98868,1645,0.00504,385.0122060569619,,
1647.35901,1.98861,1647.35901,0.00503,383.6980512840771,,
1650,1.98853,1650,0.00503,383.08390418319175,,
1650.83423,1.98851,1650.83423,0.00502,382.1291038051898,,
1654.30981,1.9884,1654.30981,0.00502,381.32627941124923,,
1655,1.98838,1655,0.00501,380.40795636217194,,
1657.78577,1.98829,1657.78577,0.00501,379.76871268438657,,
1660,1.98822,1660,0.005,378.5051389867221,,
1661.26233,1.98819,1661.26233,0.005,378.2175273413674,,
1664.7395,1.98808,1664.7395,0.00499,376.672682817055,,
1665,1.98807,1665,0.00499,376.6137499438575,,
1668.21704,1.98797,1668.21704,0.00498,375.13419512552565,,
1670,1.98792,1670,0.00498,374.7336865838843,,
1671.69507,1.98787,1671.69507,0.00498,374.3537130818283,,
1675,1.98777,1675,0.00497,372.8648474827766,,
1675.17383,1.98776,1675.17383,0.00497,372.8261559181896,,
1678.65295,1.98765,1678.65295,0.00496,371.3048503993723,,
1680,1.98761,1680,0.00496,371.0071324239375,,
1682.13245,1.98755,1682.13245,0.00495,369.78975431499407,,
1685,1.98746,1685,0.00495,369.16044238028434,,
1685.61255,1.98744,1685.61255,0.00495,369.0262898260808,,
1689.09314,1.98733,1689.09314,0.00494,367.52189304927447,,
1690,1.98731,1690,0.00494,367.3246794966527,,
1695,1.98715,1695,0.00493,365.49974707251164,,
1700,1.987,1700,0.00492,363.68554954498313,,
1705,1.98685,1705,0.00491,361.8819924721615,,
1710,1.98669,1710,0.0049,360.08898251672485,,
1715,1.98654,1715,0.0049,359.03916041026207,,
1720,1.98638,1720,0.00489,357.2648389780021,,
1725,1.98623,1725,0.00489,356.22928872009487,,
1730,1.98607,1730,0.00488,354.4733444975304,,
1735,1.98592,1735,0.00488,353.4518074816874,,
1740,1.98576,1740,0.00488,352.43614136823425,,
1745,1.98561,1745,0.00487,350.7061598391357,,
1750,1.98545,1750,0.00487,349.7041422395953,,
1755,1.98529,1755,0.00487,348.7078341420466,,
1760,1.98513,1760,0.00487,347.7171868859612,,
1765,1.98498,1765,0.00487,346.732152362205,,
1770,1.98482,1770,0.00488,346.46264744673874,,
1775,1.98466,1775,0.00488,345.4866963271705,,
1780,1.9845,1780,0.00489,345.2222039562717,,
1785,1.98434,1785,0.00489,344.25519498160423,,
1790,1.98418,1790,0.0049,343.9956201696086,,
1795,1.98402,1795,0.00491,343.7374914568442,,
1800,1.98386,1800,0.00492,343.4807967924841,,
1805,1.98371,1805,0.00493,343.2255242592284,,
1810,1.98354,1810,0.00495,343.6659366910382,,
1815,1.98339,1815,0.00496,343.41156059075206,,
1820,1.98323,1820,0.00498,343.8490420852126,,
1825,1.98306,1825,0.005,344.2841264207993,,
1830,1.98291,1830,0.00502,344.71683324635546,,
1835,1.98275,1835,0.00504,345.147181996568,,
1840,1.98258,1840,0.00506,345.57519189487726,,
1845,1.98242,1845,0.00509,346.68198605467853,,
1850,1.98226,1850,0.00511,347.1035342668939,,
1855,1.98211,1855,0.00514,348.200242360141,,
1860,1.98195,1860,0.00517,349.2910541733168,,
1865,1.98179,1865,0.0052,350.3760171295855,,
1870,1.98163,1870,0.00524,352.12717657348696,,
1875,1.98147,1875,0.00527,353.1987900675885,,
1880,1.98131,1880,0.00531,354.93312745876176,,
1885,1.98115,1885,0.00535,356.6582641210693,,
1890,1.98099,1890,0.00539,358.374273076169,,
1895,1.98084,1895,0.00543,360.0812265750412,,
1900,1.98068,1900,0.00548,362.4405840352014,,
1905,1.98052,1905,0.00552,364.1279044160768,,
1910,1.98037,1910,0.00557,366.46431582188796,,
1915,1.98021,1915,0.00562,368.78852664594547,,
1920,1.98006,1920,0.00567,371.10063220529423,,
1925,1.9799,1925,0.00573,374.0535253001458,,
1930,1.97975,1930,0.00578,376.3400111450571,,
1935,1.9796,1935,0.00584,379.264105363605,,
1940,1.97945,1940,0.0059,382.17312693154184,,
1945,1.97929,1945,0.00596,385.067192090389,,
1950,1.97914,1950,0.00603,388.5908451517221,,
1955,1.97899,1955,0.00609,391.4536933066361,,
1960,1.97885,1960,0.00616,394.9430764512883,,
1965,1.9787,1965,0.00623,398.41470192090406,,
1970,1.97855,1970,0.0063,401.86870492620704,,
1975,1.97841,1975,0.00638,405.9414912385393,,
1980,1.97826,1980,0.00645,409.35904274048823,,
1985,1.97812,1985,0.00653,413.3924438879869,,
1990,1.97798,1990,0.00661,417.40557668801074,,
1995,1.97784,1995,0.00669,421.3985935341497,,
2000,1.9777,2000,0.00678,425.99996382677597,,